,Supplier_Lead_Time,Inventory_Levels,Order_Frequency,Delivery_Performance,Cost_Per_Unit
Supplier_Lead_Time,1.0,0.1806529417418753,-0.9020772485348767,-0.9219640944757294,0.9537769913187658
Inventory_Levels,0.1806529417418753,1.0,-0.14231589906048953,-0.20684315734742842,0.26868385265112593
Order_Frequency,-0.9020772485348767,-0.14231589906048953,1.0,0.8782343528047253,-0.8769999095029076
Delivery_Performance,-0.9219640944757294,-0.20684315734742842,0.8782343528047253,1.0,-0.9155016718190675
Cost_Per_Unit,0.9537769913187658,0.26868385265112593,-0.8769999095029076,-0.9155016718190675,1.0
